t,dt,v,i,p,g,t_mod,v_ref,action_debug
0.0,0.001,20.0,5.8380757106281305,116.76151421256262,1000.0,25.0,20.0,"{'algo': 'ruca', 'p': 116.76151421256262, 'v_ref': 20.0, 'v_cmd': 20.0, 'branch': 'NA', 'cold_start': True, 'dV': 0.0, 'dI': 0.0, 'dP': 0.0, 'sgn': 0.0, 'step': 0.0, 'state': 'NORMAL'}"
0.001,0.001,20.0,5.8380757106281305,116.76151421256262,1000.0,25.0,19.996,"{'algo': 'ruca', 'p': 116.76151421256262, 'v_ref': 19.996, 'v_cmd': 19.996, 'branch': 'V', 'cold_start': False, 'dV': 0.0, 'dI': 0.0, 'dP': 0.0, 'sgn': -1.0, 'step': 0.004, 'state': 'NORMAL'}"
0.002,0.001,19.996,5.83807635898482,116.73817487426045,1000.0,25.0,19.991999999999997,"{'algo': 'ruca', 'p': 116.73817487426045, 'v_ref': 19.991999999999997, 'v_cmd': 19.991999999999997, 'branch': 'I', 'cold_start': False, 'dV': -0.004000000000001336, 'dI': 6.483566892256931e-07, 'dP': -0.023339338302164947, 'sgn': -1.0, 'step': 0.004, 'state': 'NORMAL'}"
0.003,0.001,19.991999999999997,5.838076999353893,116.71483537108301,1000.0,25.0,19.996,"{'algo': 'ruca', 'p': 116.71483537108301, 'v_ref': 19.996, 'v_cmd': 19.996, 'branch': 'V', 'cold_start': False, 'dV': -0.004000000000001336, 'dI': 6.403690733236544e-07, 'dP': -0.02333950317743927, 'sgn': 1.0, 'step': 0.004, 'state': 'NORMAL'}"
0.004,0.001,19.996,5.83807635898482,116.73817487426045,1000.0,25.0,19.991999999999997,"{'algo': 'ruca', 'p': 116.73817487426045, 'v_ref': 19.991999999999997, 'v_cmd': 19.991999999999997, 'branch': 'I', 'cold_start': False, 'dV': 0.004000000000001336, 'dI': -6.403690733236544e-07, 'dP': 0.02333950317743927, 'sgn': -1.0, 'step': 0.004, 'state': 'NORMAL'}"
0.005,0.001,19.991999999999997,3.8412852245596216,76.79497420939595,658.0,25.0,19.999999999999996,"{'algo': 'ruca', 'p': 76.79497420939595, 'v_ref': 19.999999999999996, 'v_cmd': 19.999999999999996, 'branch': 'V', 'cold_start': False, 'dV': -0.004000000000001336, 'dI': -1.996791134425198, 'dP': -39.943200664864506, 'sgn': 1.0, 'step': 0.008, 'state': 'NORMAL'}"
0.006,0.001,19.999999999999996,3.8412845763003816,76.82569152600762,658.0,25.0,19.995999999999995,"{'algo': 'ruca', 'p': 76.82569152600762, 'v_ref': 19.995999999999995, 'v_cmd': 19.995999999999995, 'branch': 'I', 'cold_start': False, 'dV': 0.007999999999999119, 'dI': -6.482592400658405e-07, 'dP': 0.030717316611671208, 'sgn': -1.0, 'step': 0.004, 'state': 'NORMAL'}"
